Transaction ID,Sender ID,Receiver ID,Amount,Timestamp
TX001,B409,B916,1999,2025-07-30 10:52:22
TX002,D374,C298,1651,2025-07-30 11:21:16
TX003,D762,E927,4657,2025-07-30 11:53:05
TX004,D964,C784,1780,2025-07-30 11:39:59
TX005,C371,B735,1747,2025-07-30 11:27:31
TX006,B767,C723,3157,2025-07-30 10:45:48
TX007,A918,C723,1629,2025-07-30 11:02:37
TX008,E601,A161,4915,2025-07-30 11:56:44
TX009,B507,E773,3000,2025-07-30 11:44:55
TX010,C161,D446,3827,2025-07-30 11:11:06
TX011,A446,B528,3575,2025-07-30 11:56:36
TX012,A152,C833,4755,2025-07-30 11:13:43
TX013,E977,D104,1429,2025-07-30 11:31:40
TX014,E321,C801,1426,2025-07-30 11:31:35
TX015,C326,D835,1674,2025-07-30 10:59:20
TX016,D516,C574,4731,2025-07-30 11:19:05
TX017,D131,E686,3484,2025-07-30 11:16:56
TX018,C716,A316,3384,2025-07-30 11:10:21
TX019,E647,E146,1410,2025-07-30 11:11:25
TX020,B310,C390,1707,2025-07-30 10:59:18
